,version,id,key,name,title,blurb,tags,partype,info.attack,info.defense,info.magic,info.difficulty,image.full,image.sprite,image.group,image.x,image.y,image.w,image.h,stats.hp,stats.hpperlevel,stats.mp,stats.mpperlevel,stats.movespeed,stats.armor,stats.armorperlevel,stats.spellblock,stats.spellblockperlevel,stats.attackrange,stats.hpregen,stats.hpregenperlevel,stats.mpregen,stats.mpregenperlevel,stats.crit,stats.critperlevel,stats.attackdamage,stats.attackdamageperlevel,stats.attackspeedperlevel,stats.attackspeed
0,11.5.1,Aatrox,266,Aatrox,la Espada de los Oscuros,"Aatrox y sus hermanos, otrora respetados defensores de Shurima contra el Vacío, acabarían convirtiéndose en una amenaza aún mayor para Runaterra y solo conocieron la derrota ante el uso astuto de hechizos mortales. No obstante, tras siglos de reclusión...","['Fighter', 'Tank']",Pozo sangriento,8,4,3,4,Aatrox.png,champion0.png,champion,0,0,48,48,580.0,90,0.0,0.0,345,38,3.25,32.0,1.25,175,3.0,1.0,0.0,0.0,0,0,60.0,5.0,2.5,0.651
0,11.5.1,Ahri,103,Ahri,La Mujer Zorro de nueve Colas,"Ahri es una vastaya conectada de forma innata al poder latente de Runaterra, y es capaz de convertir la magia en orbes de energía pura. Le gusta jugar con su presa, manipulando sus emociones antes de devorar su esencia de vida. A pesar de su naturaleza...","['Mage', 'Assassin']",Maná,3,4,8,5,Ahri.png,champion0.png,champion,48,0,48,48,526.0,92,418.0,25.0,330,21,3.5,30.0,0.5,550,5.5,0.6,8.0,0.8,0,0,53.0,3.0,2.0,0.668
0,11.5.1,Akali,84,Akali,la Asesina Sigilosa,"Tras abandonar la orden de los Kinkou y su título de Puño de la Sombra, Akali actúa ahora en solitario y está lista para convertirse en el arma mortal que necesita su gente. Aunque no renuncia a las enseñanzas de Shen, su maestro, ha jurado defender...",['Assassin'],Energía,5,3,8,7,Akali.png,champion0.png,champion,96,0,48,48,575.0,95,200.0,0.0,345,23,3.5,37.0,1.25,125,8.0,0.5,50.0,0.0,0,0,62.0,3.3,3.2,0.625
0,11.5.1,Alistar,12,Alistar,El Minotauro,"Alistar, un poderoso guerrero con una reputación temible, busca venganza por la muerte de su clan a manos del imperio noxiano. Aunque fue esclavizado y forzado a vivir como gladiador, fue su voluntad inquebrantable lo que le impidió convertirse en una...","['Tank', 'Support']",Maná,6,9,5,7,Alistar.png,champion0.png,champion,144,0,48,48,600.0,106,350.0,40.0,330,44,3.5,32.0,1.25,125,8.5,0.85,8.5,0.8,0,0,62.0,3.75,2.125,0.625
0,11.5.1,Amumu,32,Amumu,La Momia Triste,"Cuenta la leyenda que Amumu es un alma solitaria y melancólica de la vieja Shurima que vaga por el mundo en busca de un amigo. Condenado por una maldición ancestral, su destino es permanecer solo para siempre, pues su tacto es muerte y su cariño, la...","['Tank', 'Mage']",Maná,2,6,8,3,Amumu.png,champion0.png,champion,192,0,48,48,615.0,80,285.0,40.0,335,30,3.8,32.0,1.25,125,9.0,0.85,7.38,0.53,0,0,53.0,3.8,2.18,0.736
0,11.5.1,Anivia,34,Anivia,La Criofénix,"Anivia es un espíritu alado benevolente que soporta ciclos interminables de vida, muerte y nacimiento para proteger Freljord. Semidiosa nacida del hielo implacable y los vientos crueles, canaliza estos poderes elementales para anular a cualquiera que se...","['Mage', 'Support']",Maná,1,4,10,10,Anivia.png,champion0.png,champion,240,0,48,48,480.0,82,495.0,45.0,325,21,4.0,30.0,0.5,600,5.5,0.55,8.0,0.8,0,0,51.0,3.2,1.68,0.625
0,11.5.1,Annie,1,Annie,La Hija de la Oscuridad,"Peligrosa pero encantadoramente precoz, Annie es una pequeña maga con un inmenso poder piromántico. Incluso en los parajes montañosos al norte de Noxus es una hechicera sin precedentes. Su afinidad natural con el fuego se manifestó a temprana edad en...",['Mage'],Maná,2,3,10,6,Annie.png,champion0.png,champion,288,0,48,48,524.0,88,418.0,25.0,335,19,4.0,30.0,0.5,625,5.5,0.55,8.0,0.8,0,0,50.0,2.63,1.36,0.579
0,11.5.1,Aphelios,523,Aphelios,el Arma de los Fieles,"Aphelios emerge de entre las sombras de la noche con armas en mano y asesina a los enemigos de su fe en un silencio inquietante, hablando a tiro limpio únicamente a través de la certitud de su puntería. Un veneno que le impide hablar se encarga de...",['Marksman'],Maná,6,2,1,10,Aphelios.png,champion0.png,champion,336,0,48,48,530.0,88,348.0,42.0,325,28,3.0,26.0,0.5,550,3.25,0.55,6.5,0.4,0,0,57.0,2.4,2.1,0.64
0,11.5.1,Ashe,22,Ashe,La Arquera de Hielo,"Ashe, comandante hija del hielo de la tribu de Avarosa, lidera las hordas más numerosas del norte. Impasible, inteligente e idealista, aunque incómoda en su papel de líder, utiliza los poderes mágicos ancestrales de su linaje para empuñar un arco de...","['Marksman', 'Support']",Maná,7,3,2,4,Ashe.png,champion0.png,champion,384,0,48,48,570.0,87,280.0,32.0,325,26,3.4,30.0,0.5,600,3.5,0.55,6.97,0.4,0,0,59.0,2.96,3.33,0.658
0,11.5.1,AurelionSol,136,Aurelion Sol,El Forjador de Estrellas,"Aurelion Sol solía agraciar al vasto vacío del cosmos con las maravillas celestiales que él mismo ideaba. Ahora, se ve forzado a hacer uso de su increíble poder para satisfacer los deseos de un imperio espacial que lo ha engañado para convertirlo en su...",['Mage'],Maná,2,3,8,7,AurelionSol.png,champion0.png,champion,432,0,48,48,575.0,92,350.0,50.0,325,19,3.6,30.0,0.5,550,7.0,0.6,6.0,0.8,0,0,57.0,3.2,1.36,0.625
0,11.5.1,Azir,268,Azir,El Emperador de las Arenas,"Azir, emperador de Shurima en un pasado remoto, fue un hombre orgulloso que estuvo a punto de alcanzar la inmortalidad. Dominado por la arrogancia, fue traicionado y asesinado en la hora de su mayor triunfo, pero ahora, milenios después, ha renacido...","['Mage', 'Marksman']",Maná,6,3,8,9,Azir.png,champion0.png,champion,0,48,48,48,552.0,92,480.0,21.0,335,19,3.0,30.0,0.5,525,7.0,0.75,8.0,0.8,0,0,52.0,2.8,3.0,0.625
0,11.5.1,Bard,432,Bardo,El Guardián Errante,"Bardo, un viajero de más allá de las estrellas, es un agente de la serendipia que lucha para mantener un equilibrio en el que la vida pueda soportar la indiferencia del caos. Muchos habitantes de Runaterra cantan canciones que hablan de su naturaleza...","['Support', 'Mage']",Maná,4,4,5,9,Bard.png,champion0.png,champion,48,48,48,48,560.0,89,350.0,50.0,330,34,4.0,30.0,0.5,500,5.5,0.55,6.0,0.45,0,0,52.0,3.0,2.0,0.625
0,11.5.1,Blitzcrank,53,Blitzcrank,El Gran Gólem de Vapor,"Blitzcrank es un autómata enorme, casi indestructible, creado originalmente para el tratamiento de residuos tóxicos. Sin embargo, este propósito original le parecía demasiado restrictivo, así que se automodificó para servir mejor a los débiles del...","['Tank', 'Fighter']",Maná,4,8,5,4,Blitzcrank.png,champion0.png,champion,96,48,48,48,583.0,95,267.0,40.0,325,37,3.5,32.0,1.25,125,8.5,0.75,8.5,0.8,0,0,62.0,3.5,1.13,0.625
0,11.5.1,Brand,63,Brand,La Venganza Ardiente,"Brand, antiguo miembro de la tribu Kegan Rodhe del helado Freljord, es una lección sobre la tentación de un poder mayor. En busca de una de las legendarias Runas Geogénicas, Kegan traicionó a sus compañeros y se quedó con la runa. El hombre desapareció...",['Mage'],Maná,2,2,9,4,Brand.png,champion0.png,champion,144,48,48,48,520.0,88,469.0,21.0,340,22,3.5,30.0,0.5,550,5.5,0.55,10.67,0.6,0,0,57.0,3.0,1.36,0.625
0,11.5.1,Braum,201,Braum,El Corazón de Freljord,"Bendecido con bíceps enormes y un corazón aún más grande, Braum es un héroe muy apreciado en Freljord. Todas las tabernas al norte del Fuerte Helado brindan por su fuerza legendaria. Se dice que taló un bosque de robles en una sola noche y convirtió una...","['Support', 'Tank']",Maná,3,9,4,3,Braum.png,champion0.png,champion,192,48,48,48,540.0,98,311.0,45.0,335,47,4.0,32.0,1.25,125,8.5,1.0,6.0,0.8,0,0,55.0,3.2,3.5,0.644
0,11.5.1,Caitlyn,51,Caitlyn,La Sheriff de Piltover,"Reconocida como su mejor pacificadora, Caitlyn es también la mejor arma de Piltover para librar a la ciudad de sus elusivos elementos criminales. A menudo trabaja con Vi, y actúa como un frío y eficiente contrapunto para la naturaleza más impetuosa de...",['Marksman'],Maná,8,2,2,6,Caitlyn.png,champion0.png,champion,240,48,48,48,510.0,93,315.0,35.0,325,28,3.5,30.0,0.5,650,3.5,0.55,7.4,0.55,0,0,62.0,3.8,4.0,0.681
0,11.5.1,Camille,164,Camille,la Sombra de Acero,"Convertida en un arma viviente diseñada para operar fuera de la ley, Camille es la jefa de espías del clan Ferros, una elegante agente de élite que se asegura de que nada amenace el funcionamiento de Piltover ni de Zaun. Su adaptabilidad y minuciosidad...","['Fighter', 'Tank']",Maná,8,6,3,4,Camille.png,champion0.png,champion,288,48,48,48,576.0,85,339.0,52.0,340,35,3.8,32.1,1.25,125,8.5,0.8,8.15,0.75,0,0,68.0,3.5,2.5,0.644
0,11.5.1,Cassiopeia,69,Cassiopeia,El Abrazo de la Serpiente,"Cassiopeia es una criatura mortal empeñada en manipular a otros según su siniestra voluntad. La hija más joven y hermosa de la noble familia Du Couteau de Noxus, se aventuró en lo más profundo de las criptas debajo de Shurima en busca de poder ancestral...",['Mage'],Maná,2,3,9,10,Cassiopeia.png,champion0.png,champion,336,48,48,48,560.0,90,350.0,60.0,328,18,3.5,32.0,0.5,550,5.5,0.5,8.0,0.8,0,0,53.0,3.0,1.5,0.647
0,11.5.1,Chogath,31,Cho'Gath,El Terror del Vacío,"Desde el momento en que Cho'Gath emergió por primera vez a la dura luz solar de Runaterra, a la bestia solo le impulsaba el hambre más pura e insaciable. La perfecta expresión del deseo del Vacío de acabar con la vida, la compleja biología de Cho'Gath...","['Tank', 'Mage']",Maná,3,7,7,5,Chogath.png,champion0.png,champion,384,48,48,48,574.0,80,270.0,60.0,345,38,3.5,32.0,1.25,125,9.0,0.85,7.2,0.45,0,0,69.0,4.2,1.44,0.625
0,11.5.1,Corki,42,Corki,El Bombardero Osado,"El piloto yordle Corki adora dos cosas por encima de todas las demás: volar y su glamuroso bigote. Aunque no necesariamente en ese orden. Tras abandonar la Ciudad de Bandle, se estableció en Piltover y se enamoró de las máquinas maravillosas que allí...",['Marksman'],Maná,8,3,6,6,Corki.png,champion0.png,champion,432,48,48,48,518.0,87,350.0,54.0,325,28,3.5,30.0,0.5,550,5.5,0.55,7.42,0.55,0,0,55.0,2.5,2.3,0.638
0,11.5.1,Darius,122,Darius,La Mano de Noxus,"No hay mayor símbolo del poder de Noxus que Darius, el comandante más temido y más curtido en batallas de toda la nación. Pasando de orígenes humildes a convertirse en la Mano de Noxus, se abre paso a tajos entre los enemigos del imperio, muchos de...","['Fighter', 'Tank']",Maná,9,5,1,2,Darius.png,champion0.png,champion,0,96,48,48,582.0,100,263.0,57.5,340,39,4.0,32.0,1.25,175,10.0,0.95,6.6,0.35,0,0,64.0,5.0,1.0,0.625
0,11.5.1,Diana,131,Diana,El Desdén de la Luna,"Portadora de una espada en forma de media luna, Diana es una guerrera de los Lunari, una fe rechazada en casi todas las tierras a los pies del Monte Targon. Ataviada con una armadura reluciente del color de la nieve en una noche de invierno, es la...","['Fighter', 'Mage']",Maná,7,6,8,4,Diana.png,champion0.png,champion,48,96,48,48,570.0,95,375.0,25.0,345,31,3.6,32.0,1.25,150,7.5,0.85,8.0,0.8,0,0,57.0,3.0,2.25,0.625
0,11.5.1,Draven,119,Draven,El Ejecutor Glorioso,"En Noxus, los guerreros conocidos como 'justicieros' se enfrentan en recintos donde corre la sangre y se pone a prueba la fortaleza. Pero ninguno ha alcanzado la fama de Draven, un antiguo soldado cuyo sentido del espectáculo y habilidad sin igual con...",['Marksman'],Maná,9,3,1,8,Draven.png,champion0.png,champion,96,96,48,48,605.0,90,360.56,39.0,330,29,3.3,30.0,0.5,550,3.75,0.7,8.04,0.65,0,0,60.0,3.61,2.7,0.679
0,11.5.1,DrMundo,36,Dr. Mundo,El Loco de Zaun,"Loco de remate, homicida impenitente, terriblemente morado: el Dr. Mundo es lo que mantiene en sus casas a muchos habitantes de Zaun en las noches especialmente oscuras. Esta monstruosidad monosilábica parece no querer otra cosa que el dolor, tanto para...","['Fighter', 'Tank']",Nada,5,7,6,5,DrMundo.png,champion0.png,champion,144,96,48,48,583.0,89,0.0,0.0,345,36,3.5,32.0,1.25,125,8.0,0.75,0.0,0.0,0,0,61.0,3.5,2.8,0.721
0,11.5.1,Ekko,245,Ekko,El Chico que Quebró el Tiempo,"Ekko, un prodigio surgido de las implacables calles de Zaun, manipula el tiempo para sacar ventaja de todas las situaciones. Con una máquina de su invención llamada Dispositivo Z, explora las distintas posibilidades de la realidad hasta alcanzar el...","['Assassin', 'Fighter']",Maná,5,3,7,8,Ekko.png,champion0.png,champion,192,96,48,48,585.0,85,280.0,70.0,340,32,3.0,32.0,1.25,125,9.0,0.9,7.0,0.8,0,0,58.0,3.0,3.3,0.688
0,11.5.1,Elise,60,Elise,La Reina de las Arañas,"Elise es una letal depredadora que mora en un palacio cerrado y sin luz situado en el corazón de la ciudad más antigua de Noxus. En su día fue una mujer mortal, señora de una casa poderosa, pero la picadura de un malvado semidiós la transformó en una...","['Mage', 'Fighter']",Maná,6,5,7,9,Elise.png,champion0.png,champion,240,96,48,48,534.0,93,324.0,50.0,330,27,3.35,30.0,0.5,550,5.5,0.6,6.0,0.8,0,0,55.0,3.0,1.75,0.625
0,11.5.1,Evelynn,28,Evelynn,El Abrazo Agónico,"En los oscuros adentros de Runaterra, el súcubo Evelynn deambula en busca de su siguiente víctima. Acecha a sus presas con una voluptuosa fachada femenina, pero cuando alguien sucumbe a sus encantos, Evelynn libera su auténtica forma. Después somete a...","['Assassin', 'Mage']",Maná,4,2,7,10,Evelynn.png,champion0.png,champion,288,96,48,48,572.0,84,315.0,42.0,335,37,3.5,32.1,1.25,125,8.5,0.75,8.11,0.6,0,0,61.0,3.0,2.1,0.667
0,11.5.1,Ezreal,81,Ezreal,El Explorador Pródigo,"Ezreal, un aventurero aficionado a deslizarse y dotado de artes mágicas sin saberlo, saquea catacumbas perdidas, lidia con maldiciones ancestrales y supera con facilidad adversidades imposibles. De valor y chulería sin límites, prefiere improvisar para...","['Marksman', 'Mage']",Maná,7,2,6,7,Ezreal.png,champion0.png,champion,336,96,48,48,530.0,88,375.0,70.0,325,22,3.5,30.0,0.5,550,4.0,0.55,8.5,0.65,0,0,60.0,2.5,2.5,0.625
0,11.5.1,Fiddlesticks,9,Fiddlesticks,el Terror Ancestral,"Algo ha despertado en Runaterra. Algo ancestral. Algo terrible. El horror conocido como Fiddlesticks acecha en las lindes de la sociedad, en las zonas en las que impera la paranoia, donde se alimenta de aquellos a los que aterroriza. Armada con una...","['Mage', 'Support']",Maná,2,3,9,9,Fiddlesticks.png,champion0.png,champion,384,96,48,48,580.4,92,500.0,28.0,335,34,3.5,30.0,0.5,480,5.5,0.6,8.0,0.8,0,0,55.36,2.63,2.11,0.625
0,11.5.1,Fiora,114,Fiora,La Estocada Excelsa,"Fiora, la duelista más temida de Valoran, ha alcanzado renombre por su estilo brusco y su mente astuta, así como por la velocidad de su estoque. Fiora nació en el seno de la Casa Laurent, en el reino de Demacia, y asumió el control de la familia a raíz...","['Fighter', 'Assassin']",Maná,10,4,2,3,Fiora.png,champion0.png,champion,432,96,48,48,550.0,85,300.0,60.0,345,33,3.5,32.0,1.25,150,8.5,0.55,8.0,0.7,0,0,68.0,3.3,3.2,0.69
0,11.5.1,Fizz,105,Fizz,El Gamberro de las Mareas,"Fizz es un yordle anfibio que habita entre los arrecifes de alrededor de Aguas Estancadas. Suele recuperar y devolver los diezmos arrojados al mar por capitanes supersticiosos, pero incluso los marineros más agudos saben que no hay que plantarle cara...","['Assassin', 'Fighter']",Maná,6,4,7,6,Fizz.png,champion1.png,champion,0,0,48,48,570.0,98,317.0,37.0,335,22,3.4,32.0,1.25,175,8.0,0.7,6.0,0.8,0,0,58.0,3.0,3.1,0.658
0,11.5.1,Galio,3,Galio,el Coloso,"Fuera de la reluciente ciudad de Demacia, el coloso de piedra Galio se mantiene vigilante. Construido como un baluarte contra los magos enemigos, suele permanecer inmóvil durante décadas hasta que la presencia de magia poderosa lo vuelve a traer a la...","['Tank', 'Mage']",Maná,1,10,6,5,Galio.png,champion1.png,champion,48,0,48,48,562.0,112,500.0,40.0,335,24,3.5,32.0,1.25,150,8.0,0.8,9.5,0.7,0,0,59.0,3.5,1.5,0.625
0,11.5.1,Gangplank,41,Gangplank,El Azote de los Mares,"Tan impredecible como brutal, el destronado rey de los piratas conocido como Gangplank es temido a lo largo y ancho del mundo. Antes gobernaba la ciudad portuaria de Aguas Estancadas, y aunque su reinado haya terminado, hay quienes creen que esto solo...",['Fighter'],Maná,7,6,4,9,Gangplank.png,champion1.png,champion,96,0,48,48,540.0,82,280.0,60.0,345,35,3.0,32.0,1.25,125,6.0,0.6,7.5,0.7,0,0,64.0,4.0,3.2,0.658
0,11.5.1,Garen,86,Garen,El Poder de Demacia,"Garen, un orgulloso y noble guerrero, lucha en las filas de la Vanguardia Impertérrita. Es querido entre sus compañeros y respetado por sus enemigos, y no solo por ser vástago de la prestigiosa familia Crownguard, responsable de la defensa de Demacia y...","['Fighter', 'Tank']",Nada,7,7,1,5,Garen.png,champion1.png,champion,144,0,48,48,620.0,84,0.0,0.0,340,36,3.0,32.0,0.75,175,8.0,0.5,0.0,0.0,0,0,66.0,4.5,3.65,0.625
0,11.5.1,Gnar,150,Gnar,El Eslabón Perdido,"Gnar es un yordle primitivo cuyas payasadas lúdicas pueden estallar en la ira de un niño pequeño en un instante, transformándolo en una bestia enorme empeñada en la destrucción. Congelado en Hielo Puro durante milenios, la curiosa criatura se liberó y...","['Fighter', 'Tank']",Furia,6,5,5,8,Gnar.png,champion1.png,champion,192,0,48,48,510.0,65,100.0,0.0,335,32,2.5,30.0,0.5,175,4.5,1.75,0.0,0.0,0,0,59.0,3.0,6.0,0.625
0,11.5.1,Gragas,79,Gragas,El Camorrista,"Alegre e imponente por partes iguales, Gragas es un cervecero enorme y provocador en su propia búsqueda de la pinta de cerveza perfecta. Proveniente de lugares desconocidos, ahora busca ingredientes raros entre los intactos páramos de Freljord, probando...","['Fighter', 'Mage']",Maná,4,7,6,5,Gragas.png,champion1.png,champion,240,0,48,48,600.0,95,400.0,47.0,330,38,3.6,32.0,1.25,125,5.5,0.5,6.0,0.8,0,0,64.0,3.5,2.05,0.675
0,11.5.1,Graves,104,Graves,El Forajido,"Malcolm Graves es un famoso mercenario, jugador y ladrón. Un hombre buscado en todas las ciudades e imperios que ha visitado. A pesar de su temperamento explosivo, posee un firme sentido del honor criminal, que a menudo ejecuta con su escopeta de doble...",['Marksman'],Maná,8,5,3,3,Graves.png,champion1.png,champion,288,0,48,48,555.0,92,325.0,40.0,340,33,3.4,32.0,1.25,425,8.0,0.7,8.0,0.7,0,0,66.0,3.0,2.6,0.475
0,11.5.1,Hecarim,120,Hecarim,La Sombra de la Guerra,"Hecarim es una fusión espectral de hombre y bestia, condenado a arrollar las almas de los vivos por toda la eternidad. Cuando las Islas Bendecidas cayeron en la sombra, este orgulloso caballero fue aniquilado por las energías destructivas de la Ruina...","['Fighter', 'Tank']",Maná,8,6,4,6,Hecarim.png,champion1.png,champion,336,0,48,48,580.0,90,277.0,60.0,345,36,4.0,32.0,1.25,175,7.0,0.75,6.5,0.6,0,0,66.0,3.2,2.5,0.67
0,11.5.1,Heimerdinger,74,Heimerdinger,El Inventor Venerado,"El profesor Cecil B. Heimerdinger, un científico yordle excéntrico pero brillante, es considerado una de las mentes más innovadoras y uno de los inventores más admirados de la historia de Piltover. Tiene una dedicación incesante en su trabajo hasta el...","['Mage', 'Support']",Maná,2,6,8,8,Heimerdinger.png,champion1.png,champion,384,0,48,48,488.0,87,385.0,20.0,340,19,3.0,30.0,0.5,550,7.0,0.55,8.0,0.8,0,0,56.0,2.7,1.36,0.625
0,11.5.1,Illaoi,420,Illaoi,La Sacerdotisa del Kraken,"El poderoso físico de Illaoi solo se ve empequeñecido por su indómita fe. Como profeta del Gran Kraken, hace uso de un gran ídolo de oro para arrancar el espíritu del cuerpo de sus enemigos y fracturar su percepción de la realidad. Todo el que desafía a...","['Fighter', 'Tank']",Maná,8,6,3,4,Illaoi.png,champion1.png,champion,432,0,48,48,586.0,95,300.0,40.0,340,35,3.8,32.0,1.25,125,9.5,0.8,7.5,0.75,0,0,68.0,5.0,2.5,0.571
0,11.5.1,Irelia,39,Irelia,la Danza de las Cuchillas,"La ocupación noxiana de Jonia produjo mucho héroes, pero ninguno más improbable que la joven Irelia de Navori. Se entrenó en las antiguas danzas de su gente y adaptó su arte para la guerra, usando los movimientos elegantes y diligentemente practicados...","['Fighter', 'Assassin']",Maná,7,4,5,5,Irelia.png,champion1.png,champion,0,48,48,48,580.0,95,350.0,50.0,335,36,3.0,32.0,1.25,200,8.5,0.85,8.0,0.8,0,0,65.0,4.0,2.5,0.656
0,11.5.1,Ivern,427,Ivern,El Padre Arborescente,"Ivern Bósquez, conocido por muchos como el Padre Arborescente, es un ser peculiar, mitad humano y mitad árbol, que deambula por los bosques de Runaterra y cultiva la vida allá donde va. Conoce los secretos del mundo natural y es buen amigo de todo lo...","['Support', 'Mage']",Maná,3,5,7,7,Ivern.png,champion1.png,champion,48,48,48,48,585.0,85,450.0,60.0,330,27,3.5,32.0,1.25,475,7.0,0.85,6.0,0.75,0,0,50.0,3.0,3.4,0.644
0,11.5.1,Janna,40,Janna,La Furia de la Tormenta,"Janna, armada con el poder de los vendavales de Runaterra, es un misterioso espíritu elemental que aprovecha el viento para proteger a los más desfavorecidos de Zaun. Hay quien cree que surgió de los ruegos de los marineros de Runaterra, que rezaban por...","['Support', 'Mage']",Maná,3,5,7,7,Janna.png,champion1.png,champion,96,48,48,48,500.0,70,350.0,64.0,315,28,3.8,30.0,0.5,550,5.5,0.55,11.5,0.4,0,0,46.0,1.5,2.95,0.625
0,11.5.1,JarvanIV,59,Jarvan IV,El Ejemplo de Demacia,"El príncipe Jarvan, descendiente de la dinastía Escudo de Luz, es heredero al trono de Demacia. Criado para ser ejemplo de las mayores virtudes de su nación, se ve obligado a equilibrar las grandes expectativas que se le imponen con su propio deseo de...","['Tank', 'Fighter']",Maná,6,8,3,5,JarvanIV.png,champion1.png,champion,144,48,48,48,570.0,90,300.0,40.0,340,34,3.6,32.0,1.25,175,8.0,0.7,6.5,0.45,0,0,64.0,3.4,2.5,0.658
0,11.5.1,Jax,24,Jax,El Maestro de Armas,"Incomparable en su habilidad con armas especiales y su mordaz sarcasmo, Jax es el último maestro de armas conocido de Icathia. Después de que su tierra natal fuera devastada por su propia arrogancia al desatar el Vacío, Jax y los suyos juraron proteger...","['Fighter', 'Assassin']",Maná,7,5,7,5,Jax.png,champion1.png,champion,192,48,48,48,593.0,85,339.0,52.0,350,36,3.0,32.0,1.25,125,8.5,0.55,7.58,0.7,0,0,68.0,4.25,3.4,0.638
0,11.5.1,Jayce,126,Jayce,El Defensor del Mañana,"Jayce es un brillante inventor que ha jurado defender con su vida a Piltover y a su irreductible afán de progreso. Empuñando su martillo hextech transformable, Jayce hace uso de su fuerza, coraje y considerable inteligencia para proteger su ciudad natal...","['Fighter', 'Marksman']",Maná,8,4,3,7,Jayce.png,champion1.png,champion,240,48,48,48,560.0,90,375.0,45.0,335,27,3.5,30.0,0.5,125,6.0,0.6,6.0,0.8,0,0,54.0,4.25,3.0,0.658
0,11.5.1,Jhin,202,Jhin,El Virtuoso,"Jhin es un meticuloso criminal psicópata que ve el asesinato como arte. Otrora prisionero jonio, fue liberado gracias a los sombríos tejemanejes del consejo de Jonia. Ahora, el asesino en serie trabaja como sicario de la secta. Con su pistola como...","['Marksman', 'Mage']",Maná,10,2,6,6,Jhin.png,champion1.png,champion,288,48,48,48,585.0,93,300.0,50.0,330,24,3.5,30.0,0.5,550,3.75,0.55,6.0,0.8,0,0,59.0,4.7,0.0,0.625
0,11.5.1,Jinx,222,Jinx,La Bala Perdida,"Jinx, una criminal perturbada e impulsiva de Zaun, vive para sembrar el caos sin importarle las consecuencias. Provoca las explosiones más ruidosas y cegadoras con su arsenal de armas letales para dejar un rastro de terror y destrucción a su paso. Jinx...",['Marksman'],Maná,9,2,4,6,Jinx.png,champion1.png,champion,336,48,48,48,610.0,86,245.0,45.0,325,28,3.5,30.0,0.5,525,3.75,0.5,6.7,1.0,0,0,57.0,3.4,1.0,0.625
0,11.5.1,Kaisa,145,Kai'Sa,La Hija del Vacío,"Reclamada por el Vacío cuando era solo una niña, Kai'Sa logró sobrevivir por pura tenacidad y fuerza de voluntad. Sus experiencias la han convertido en una cazadora letal y, para algunos, el presagio de un futuro que preferirían no vivir para ver. Ahora...",['Marksman'],Maná,8,5,3,6,Kaisa.png,champion1.png,champion,384,48,48,48,600.0,88,344.88,38.0,335,28,3.0,30.0,0.5,525,3.5,0.55,8.2,0.45,0,0,59.0,2.0,1.8,0.644
0,11.5.1,Kalista,429,Kalista,El Espíritu de la Venganza,"Kalista, un espectro de cólera y castigo, es el inmortal espíritu de la venganza, una pesadilla acorazada que llega desde las Islas de la Sombra para dar caza a los embusteros y los traidores. Puede que todos los que han sido traicionados pidan venganza...",['Marksman'],Maná,8,2,4,7,Kalista.png,champion1.png,champion,432,48,48,48,534.0,100,250.0,45.0,325,21,4.0,30.0,0.5,525,3.75,0.55,6.3,0.4,0,0,69.0,3.5,4.0,0.694
0,11.5.1,Karma,43,Karma,La Iluminada,"No hay mortal que ejemplifique las tradiciones espirituales de Jonia mejor que Karma. Es la personificación de un alma antigua reencarnada un sinfín de veces, que acumula los recuerdos de las vidas pasadas a la nueva y que ha sido bendecida con un poder...","['Mage', 'Support']",Maná,1,7,8,5,Karma.png,champion1.png,champion,0,96,48,48,534.0,95,374.0,50.0,335,26,3.8,30.0,0.5,525,5.5,0.55,13.0,0.5,0,0,54.0,3.3,2.3,0.625
0,11.5.1,Karthus,30,Karthus,La Voz de la Muerte,"Karthus, heraldo del olvido, es un espíritu inmortal cuyos pavorosos cantos preceden al horror de su dantesca aparición. Los vivos temen la eternidad de la no muerte, pero Karthus solo percibe hermosura y pureza en su abrazo, una comunión perfecta entre...",['Mage'],Maná,2,2,10,7,Karthus.png,champion1.png,champion,48,96,48,48,550.0,87,467.0,30.5,335,18,3.5,30.0,0.5,450,6.5,0.55,8.0,0.8,0,0,46.0,3.25,2.11,0.625
0,11.5.1,Kassadin,38,Kassadin,El Caminante del Vacío,"Dejando tras sí una huella ardiente por los lugares más oscuros del mundo, Kassadin sabe que sus días están contados. Guía y aventurero de Shurima que ha viajado por medio mundo, había elegido formar a una familia entre las pacíficas tribus del sur...","['Assassin', 'Mage']",Maná,3,5,8,8,Kassadin.png,champion1.png,champion,96,96,48,48,576.0,105,400.0,87.0,335,19,2.8,30.0,0.5,150,6.0,0.5,6.0,0.8,0,0,59.0,3.9,3.7,0.64
0,11.5.1,Katarina,55,Katarina,La Cuchilla Siniestra,"Con un juicio decisivo y letal en el combate, Katarina es una de las mejores asesinas noxianas. Al ser la primogénita del legendario general Du Couteau, ha dado a conocer sus habilidades con asesinatos rápidos contra enemigos inconscientes. Una ambición...","['Assassin', 'Mage']",Nada,4,3,9,8,Katarina.png,champion1.png,champion,144,96,48,48,602.0,94,0.0,0.0,340,28,3.5,32.0,1.25,125,7.5,0.7,0.0,0.0,0,0,58.0,3.2,2.74,0.658
0,11.5.1,Kayle,10,Kayle,la Justa,"Kayle, nacida de un Aspecto de Targon en el punto álgido de las Guerras Rúnicas, honró el legado de su madre al continuar la lucha por la justicia con sus alas de llamas divinas. Durante muchos años, ella y su hermana gemela Morgana fueron las...","['Fighter', 'Support']",Maná,6,6,7,7,Kayle.png,champion1.png,champion,192,96,48,48,600.0,85,330.0,50.0,335,26,3.0,30.0,0.5,175,5.0,0.5,8.0,0.8,0,0,50.0,2.5,1.5,0.625
0,11.5.1,Kayn,141,Kayn,la Guadaña de las Sombras,"Shieda Kayn, un practicante sin par de la mortífera magia sombría, lucha por alcanzar su verdadero destino: llegar a guiar algún día a la Orden de la Sombra hacia una nueva era de supremacía jonia. Empuña la oscura arma viviente Rhaast, impasible ante...","['Fighter', 'Assassin']",Maná,10,6,1,8,Kayn.png,champion1.png,champion,240,96,48,48,585.0,85,410.0,50.0,340,38,3.3,32.0,1.25,175,8.0,0.75,11.5,0.95,0,0,68.0,3.3,2.7,0.669
0,11.5.1,Kennen,85,Kennen,El Corazón de la Tempestad,"Más allá de ser el rápido encargado de mantener el equilibrio en Jonia, Kennen es también el único yordle de los kinkou. A pesar de su pequeño y peludo tamaño, siempre está impaciente por enfrentarse a cualquier amenaza dando rienda suelta a una...","['Mage', 'Marksman']",Energía,6,4,7,4,Kennen.png,champion1.png,champion,288,96,48,48,541.0,84,200.0,0.0,335,29,3.75,30.0,0.5,550,5.5,0.65,50.0,0.0,0,0,48.0,3.75,3.4,0.625
0,11.5.1,Khazix,121,Kha'Zix,El Saqueador del Vacío,"El Vacío crece y el Vacío se adapta; verdades que son más evidentes en Kha'Zix que en ningún otro de sus innumerables engendros. La evolución impulsa el núcleo de este horror mutante, nacido para sobrevivir y matar a los fuertes. Cuando se esfuerza por...",['Assassin'],Maná,9,4,3,6,Khazix.png,champion1.png,champion,336,96,48,48,573.0,85,327.0,40.0,350,36,3.0,32.0,1.25,125,7.5,0.75,7.59,0.5,0,0,63.0,3.1,2.7,0.668
0,11.5.1,Kindred,203,Kindred,Los Cazadores Eternos,"Divididos, pero nunca separados, Kindred representan las dos esencias de la muerte. El arco de Cordera ofrece una rápida liberación de los pesares del reino mortal a aquellos que aceptan su destino. Lobo da caza a quienes intentan escapar de él y les...",['Marksman'],Maná,8,2,2,4,Kindred.png,champion1.png,champion,384,96,48,48,540.0,85,300.0,35.0,325,29,3.5,30.0,0.5,500,7.0,0.55,7.0,0.4,0,0,65.0,2.5,3.5,0.625
0,11.5.1,Kled,240,Kled,El Jinete Cascarrabias,"Kled es un guerrero yordle tan intrépido como malhumorado y es la encarnación de la furiosa bravuconería noxiana. Los soldados del imperio lo adoran, sus oficiales desconfían de él y la clase noble lo detesta. Muchos afirman que ha luchado en todas y...","['Fighter', 'Tank']",Coraje,8,2,2,7,Kled.png,champion1.png,champion,432,96,48,48,740.0,130,100.0,0.0,345,35,4.0,28.0,1.25,125,6.0,0.75,0.0,0.0,0,0,65.0,3.5,3.5,0.625
0,11.5.1,KogMaw,96,Kog'Maw,La Boca del Abismo,"Escupido de una incursión deteriorada del Vacío en los yermos de Icathia, Kog'Maw es una criatura curiosa y pútrida con una boca enorme y cáustica. Esta particular criatura necesita morder y babear todo lo que esté a su alcance para comprenderlo. Aunque...","['Marksman', 'Mage']",Maná,8,2,5,6,KogMaw.png,champion2.png,champion,0,0,48,48,565.0,85,325.0,40.0,330,24,3.25,30.0,0.5,500,3.75,0.55,8.75,0.7,0,0,61.0,3.11,2.65,0.665
0,11.5.1,Leblanc,7,LeBlanc,La Embaucadora,"Misteriosa incluso para el resto de miembros de la camarilla de la Rosa Negra, LeBlanc es uno de los muchos nombres que usa una mujer pálida que ha manipulado a la gente y a los sucesos desde los primeros días de Noxus. Con el uso de la magia para...","['Assassin', 'Mage']",Maná,1,4,10,9,Leblanc.png,champion2.png,champion,48,0,48,48,528.0,97,334.0,50.0,340,22,3.5,30.0,0.5,525,7.5,0.55,6.0,0.8,0,0,55.0,3.5,1.4,0.625
0,11.5.1,LeeSin,64,Lee Sin,El Monje Ciego,"Lee Sin, maestro de las artes marciales ancestrales de Jonia, es un luchador con principios que canaliza la esencia del espíritu del dragón para enfrentarse a cualquier desafío. Aunque perdió la vista hace muchos años, el monje guerrero ha dedicado su...","['Fighter', 'Assassin']",Energía,8,5,3,6,LeeSin.png,champion2.png,champion,96,0,48,48,575.0,85,200.0,0.0,345,36,3.7,32.0,1.25,125,7.5,0.7,50.0,0.0,0,0,70.0,3.7,3.0,0.651
0,11.5.1,Leona,89,Leona,El Amanecer Radiante,"Imbuida del fuego del sol, Leona es una guerrera sagrada de los Solari que defiende el Monte Targon con su Hoja del cénit y su Escudo del amanecer. Su piel brilla como las estrellas y sus ojos resplandecen con el poder del aspecto celestial de su...","['Tank', 'Support']",Maná,4,8,3,4,Leona.png,champion2.png,champion,144,0,48,48,576.0,87,302.0,40.0,335,47,3.6,32.0,1.25,125,8.5,0.85,6.0,0.8,0,0,60.0,3.0,2.9,0.625
0,11.5.1,Lillia,876,Lillia,el Tímido Florecer,"Lillia es una tímida cervatilla feérica que merodea a su antojo por los bosques jonios. Se oculta de los mortales, cuya misteriosa naturaleza la cautiva y la intimida a partes iguales, con la esperanza de descubrir por qué los sueños humanos han dejado...","['Fighter', 'Mage']",Maná,0,2,10,8,Lillia.png,champion2.png,champion,192,0,48,48,580.0,90,410.0,50.0,330,20,4.0,32.0,0.75,325,9.0,0.75,11.5,0.95,0,0,61.0,3.1,2.7,0.625
0,11.5.1,Lissandra,127,Lissandra,La Bruja de Hielo,"La magia de Lissandra convierte el poder del hielo en algo oscuro y terrible. Con la fuerza de su hielo negro, además de congelar a aquellos que se le oponen, los empala y los destruye sin mostrar piedad. Se la conoce como ''la Bruja de Hielo'' entre...",['Mage'],Maná,2,5,8,6,Lissandra.png,champion2.png,champion,240,0,48,48,550.0,90,475.0,30.0,325,22,3.7,30.0,0.5,550,7.0,0.55,8.0,0.4,0,0,53.0,2.7,1.36,0.656
0,11.5.1,Lucian,236,Lucian,El Destello Purificador,"Lucian, antiguo Centinela de la Luz, es un sombrío cazador de espíritus eternos a los que persigue implacablemente y los aniquila con sus pistolas reliquias. Después de que el macabro espectro Thresh asesinara a su mujer, Lucian se dejó llevar por el...",['Marksman'],Maná,8,5,3,6,Lucian.png,champion2.png,champion,288,0,48,48,571.0,86,348.88,38.0,335,28,3.0,30.0,0.5,500,3.75,0.65,8.18,0.7,0,0,64.0,2.3,3.3,0.638
0,11.5.1,Lulu,117,Lulu,El Hada Hechicera,"Lulu, la yordle maga, es conocida por invocar ilusiones oníricas y criaturas imaginarias en sus viajes por Runaterra con su hada compañera, Pix. Lulu le da forma a la realidad a su antojo, transforma el tejido del mundo y de lo que ve como los límites...","['Support', 'Mage']",Maná,4,5,7,5,Lulu.png,champion2.png,champion,336,0,48,48,525.0,74,350.0,55.0,330,29,3.7,30.0,0.5,550,6.0,0.6,11.0,0.6,0,0,47.0,2.6,2.25,0.625
0,11.5.1,Lux,99,Lux,La Dama Luminosa,"Luxanna Crownguard procede de Demacia, un reino insular en el que las habilidades mágicas se observan con temor y suspicacia. Capaz de manipular la luz a su voluntad, creció temiendo que la descubriesen y la exiliaran, por lo que se vio obligada a...","['Mage', 'Support']",Maná,2,4,9,5,Lux.png,champion2.png,champion,384,0,48,48,490.0,85,480.0,23.5,330,19,4.0,30.0,0.5,550,5.5,0.55,8.0,0.8,0,0,54.0,3.3,1.0,0.669
0,11.5.1,Malphite,54,Malphite,El Fragmento del Monolito,"Como una criatura enorme de piedra viviente, a Malphite le cuesta imponer el orden en un mundo caótico. Creado como sirviente de fragmentos de un obelisco sobrenatural conocido como el Monolito, usó su increíble fuerza elemental para mantener y proteger...","['Tank', 'Fighter']",Maná,5,9,7,2,Malphite.png,champion2.png,champion,432,0,48,48,574.0,90,280.0,60.0,335,37,3.75,28.0,1.25,125,7.0,0.55,7.32,0.55,0,0,62.0,4.0,3.4,0.736
0,11.5.1,Malzahar,90,Malzahar,El Profeta del Vacío,"Malzahar, un fanático mago vidente dedicado a la unión de toda vida, está convencido de que el nuevo y emergente Vacío es el camino hacia la salvación de Runaterra. En pleno desierto de Shurima siguió las voces que susurraban en su mente hasta llegar a...","['Mage', 'Assassin']",Maná,2,2,9,6,Malzahar.png,champion2.png,champion,0,48,48,48,537.0,87,375.0,27.5,335,18,3.5,30.0,0.5,500,6.0,0.6,8.0,0.8,0,0,55.0,3.0,1.5,0.625
0,11.5.1,Maokai,57,Maokai,El Treant Retorcido,"Maokai es un imponente y feroz treant que lucha contra los horrores antinaturales de las Islas de la Sombra. Las ansias de venganza le inundaron después de que un cataclismo mágico destruyera su hogar, y sobrevive a la podredumbre únicamente por las...","['Tank', 'Mage']",Maná,3,8,6,3,Maokai.png,champion2.png,champion,48,48,48,48,565.0,95,375.0,43.0,335,39,4.0,32.0,1.25,125,5.0,0.75,7.2,0.6,0,0,64.0,3.3,2.125,0.8
0,11.5.1,MasterYi,11,Maestro Yi,El Espadachín Wuju,"Maestro Yi ha atemperado su cuerpo y agudizado su mente, de modo que el pensamiento y la acción se han convertido casi en uno. Aunque elige emplear la violencia solo como último recurso, la gracia y la velocidad de su espada aseguran que el final...","['Assassin', 'Fighter']",Maná,10,4,2,4,MasterYi.png,champion2.png,champion,96,48,48,48,599.0,92,251.0,42.0,355,33,3.0,32.0,1.25,125,7.5,0.65,7.26,0.45,0,0,66.0,3.0,2.0,0.679
0,11.5.1,MissFortune,21,Miss Fortune,La Cazarrecompensas,"Sarah Fortune se cuenta sin duda entre los capitanes más conocidos de Aguas Estancadas y es tan  célebre por su apariencia como temida por su ferocidad. Por eso despunta entre los criminales más peligrosos de esta ciudad portuaria. De niña, presenció...",['Marksman'],Maná,8,2,5,1,MissFortune.png,champion2.png,champion,144,48,48,48,570.0,93,325.84,35.0,325,28,3.0,30.0,0.5,550,3.75,0.65,8.04,0.65,0,0,52.0,2.7,3.0,0.656
0,11.5.1,MonkeyKing,62,Wukong,El Rey Mono,"Wukong es un embaucador vastaya que se vale de su fuerza, agilidad e inteligencia para confundir a sus oponentes y conseguir ventaja. Tras forjar una amistad para toda la vida con el guerrero conocido como el Maestro Yi, Wukong se convirtió en el último...","['Fighter', 'Tank']",Maná,8,5,2,3,MonkeyKing.png,champion2.png,champion,192,48,48,48,540.0,85,300.0,65.0,345,31,3.5,28.0,1.25,175,4.0,0.65,8.0,0.65,0,0,68.0,4.0,3.0,0.711
0,11.5.1,Mordekaiser,82,Mordekaiser,La Pesadilla de Hierro,Mordekaiser es un sanguinario señor de la guerra proveniente de tiempos olvidados al que los siglos han visto nacer en tres ocasiones y morir en otras dos. Utiliza sus poderes necrománticos para atar almas perdidas a una vida eterna a su servicio. Ya no...,['Fighter'],Escudo,4,6,7,4,Mordekaiser.png,champion2.png,champion,240,48,48,48,575.0,90,100.0,0.0,335,37,3.0,32.0,1.25,175,5.0,0.75,0.0,0.0,0,0,61.0,4.0,1.0,0.625
0,11.5.1,Morgana,25,Morgana,la Caída,"En vistas del conflicto entre su naturaleza celestial y su naturaleza mortal, Morgana decidió atarse las alas para aceptar la humanidad y deja caer el peso de su dolor y rencor sobre los deshonestos y los corruptos. Se opone a las leyes y tradiciones...","['Mage', 'Support']",Maná,1,6,8,1,Morgana.png,champion2.png,champion,288,48,48,48,560.0,90,340.0,60.0,335,25,3.8,30.0,0.5,450,5.5,0.4,11.0,0.4,0,0,56.0,3.5,1.53,0.625
0,11.5.1,Nami,267,Nami,La Invocadora de Mareas,"Nami, una joven y testaruda vastaya marina, fue la primera de la tribu marai en abandonar las olas y aventurarse en tierra firme cuando se rompió el ancestral acuerdo de su tribu con los targonianos. A falta de otra opción, Nami se encargó de completar...","['Support', 'Mage']",Maná,4,3,7,5,Nami.png,champion2.png,champion,336,48,48,48,475.0,74,365.0,43.0,335,29,4.0,30.0,0.5,550,5.5,0.55,11.5,0.4,0,0,51.0,3.1,2.61,0.644
0,11.5.1,Nasus,75,Nasus,El Guardián de las Arenas,"Nasus es un imponente ser Ascendido con cabeza de chacal procedente de la antigua Shurima; una figura heroica a la que las gentes del desierto han encumbrado al nivel de semidiós. Poseedor de una increíble inteligencia, fue un guardián del saber y...","['Fighter', 'Tank']",Maná,7,5,6,6,Nasus.png,champion2.png,champion,384,48,48,48,561.0,90,326.0,62.0,350,34,3.5,32.0,1.25,125,9.0,0.9,7.44,0.5,0,0,67.0,3.5,3.48,0.638
0,11.5.1,Nautilus,111,Nautilus,El Titán Abisal,"El gigante acorazado Nautilus, una leyenda solitaria tan antigua como los pecios de Aguas Estancadas, recorre las turbias aguas que rodean las costas de las Islas de la Llama Azul. Impulsado por una traición olvidada, ataca con su enorme ancla sin...","['Tank', 'Fighter']",Maná,4,6,6,6,Nautilus.png,champion2.png,champion,432,48,48,48,576.0,86,400.0,47.0,325,39,3.75,32.0,1.25,175,8.5,0.55,8.63,0.5,0,0,61.0,3.3,1.0,0.706
0,11.5.1,Neeko,518,Neeko,la Camaleona Curiosa,"Procedente de una tribu vastaya perdida hace mucho tiempo, Neeko puede fundirse entre la multitud adoptando el aspecto de los demás, incluso es capaz de absorber parte de su estado emocional y así distinguir inmediatamente a amigos y enemigos. Nadie...","['Mage', 'Support']",Maná,1,1,9,5,Neeko.png,champion2.png,champion,0,96,48,48,540.0,90,450.0,30.0,340,21,4.0,30.0,0.5,550,7.5,0.75,7.0,0.7,0,0,48.0,2.5,3.5,0.625
0,11.5.1,Nidalee,76,Nidalee,La Cazadora Bestial,"Criada en lo más profundo de la jungla, Nidalee es una rastreadora maestra que puede convertirse en un felino feroz a voluntad. No es completamente mujer ni bestia, pero defiende con fiereza su territorio de todos los invasores, con trampas colocadas...","['Assassin', 'Mage']",Maná,5,4,7,8,Nidalee.png,champion2.png,champion,48,96,48,48,545.0,85,295.0,45.0,335,28,3.5,30.0,0.5,525,6.0,0.6,6.0,0.8,0,0,58.0,3.5,3.22,0.638
0,11.5.1,Nocturne,56,Nocturne,La Pesadilla Eterna,"El ser conocido como Nocturne es una fusión demoníaca extraída de las pesadillas que acechan a todas las mentes conscientes y se ha convertido en una fuerza primordial de pura maldad. Tiene un aspecto líquido y caótico, una sombra sin rostro con ojos...","['Assassin', 'Fighter']",Maná,9,5,2,4,Nocturne.png,champion2.png,champion,96,96,48,48,585.0,85,275.0,35.0,345,38,3.5,32.0,0.75,125,7.0,0.75,7.0,0.45,0,0,62.0,3.1,2.7,0.721
0,11.5.1,Nunu,20,Nunu y Willump,Un Niño y su Yeti,"Había una vez un niño que quería acabar con un temible monstruo para demostrar que era un héroe; pero que terminó descubriendo que la bestia, un yeti solitario y mágico, solo necesitaba un amigo. Ahora, Nunu y Willump, unidos por un poder ancestral y...","['Tank', 'Fighter']",Maná,4,6,7,4,Nunu.png,champion2.png,champion,144,96,48,48,540.0,82,280.0,42.0,340,29,3.0,32.0,1.25,125,5.0,0.8,7.0,0.5,0,0,61.0,3.0,2.25,0.625
0,11.5.1,Olaf,2,Olaf,El Berserker,"Olaf porta sus hachas de forma que es una fuerza imparable de destrucción que no quiere nada, salvo morir en un combate glorioso. Natural de Lokfar, una brutal península de Freljord, una vez escuchó una profecía que lo avisaba de una muerte tranquila...","['Fighter', 'Tank']",Maná,9,5,3,3,Olaf.png,champion2.png,champion,192,96,48,48,575.0,93,316.0,42.0,350,35,3.0,32.0,1.25,125,8.5,0.9,7.47,0.58,0,0,68.0,3.5,2.7,0.694
0,11.5.1,Orianna,61,Orianna,La Dama Mecánica,"Orianna, antaño una chica curiosa de carne y hueso, es ahora una maravilla tecnológica compuesta exclusivamente de engranajes. Cayó gravemente enferma tras un accidente en los distritos inferiores de Zaun y su cuerpo moribundo tuvo que ser reemplazado...","['Mage', 'Support']",Maná,4,3,9,7,Orianna.png,champion2.png,champion,240,96,48,48,530.0,91,418.0,25.0,325,17,3.0,26.0,0.5,525,7.0,0.55,8.0,0.8,0,0,40.0,2.6,3.5,0.658
0,11.5.1,Ornn,516,Ornn,Las Llamas de la Forja,Ornn es el espíritu de Freljord de la forja y la artesanía. Trabaja en la soledad de una enorme forja esculpida en las cavernas de lava bajo el volcán de Dulcehogar. En ella modela objetos de calidad sin igual y depura menas en burbujeantes calderos de...,"['Tank', 'Fighter']",Maná,5,9,3,5,Ornn.png,champion2.png,champion,288,96,48,48,590.0,95,340.6,65.0,335,33,4.0,32.0,1.25,175,9.0,0.9,8.01,0.6,0,0,69.0,3.5,2.0,0.625
0,11.5.1,Pantheon,80,Pantheon,la Lanza Inquebrantable,"Tiempo atrás, Atreus había albergado al Aspecto de la Guerra en su interior contra su voluntad, pero sobrevivió al golpe que acabó con el poder divino y arrancó estrellas del firmamento. Con el paso de los años, aprendió a aceptar el poder de su propia...","['Fighter', 'Assassin']",Maná,9,4,3,4,Pantheon.png,champion2.png,champion,336,96,48,48,580.0,95,317.12,31.0,345,40,3.75,28.0,1.25,175,9.0,0.65,7.36,0.45,0,0,64.0,3.3,2.95,0.644
0,11.5.1,Poppy,78,Poppy,La Guardiana del Martillo,"En Runaterra hay un gran número de campeones valerosos, pero muy pocos son tan tenaces como Poppy. Esta yordle tan obstinada porta el legendario martillo de Orlon, que la dobla en tamaño, y se ha pasado infinidad de años buscando en secreto al famoso...","['Tank', 'Fighter']",Maná,6,7,2,6,Poppy.png,champion2.png,champion,384,96,48,48,540.0,90,280.0,40.0,345,38,3.5,32.0,1.25,125,8.0,0.8,7.0,0.7,0,0,64.0,4.0,2.5,0.625
0,11.5.1,Pyke,555,Pyke,el Destripador de los Puertos,"A Pyke, un conocido arponero de los muelles del matadero de Aguas Estancadas, le esperaba la muerte en el estómago de una gigantesca criatura marina... y sin embargo, regresó. Desde entonces acecha en los fríos y húmedos callejones y caminos de la que...","['Support', 'Assassin']",Maná,9,3,1,7,Pyke.png,champion2.png,champion,432,96,48,48,600.0,90,415.0,50.0,330,45,3.5,32.0,1.25,150,7.0,0.5,8.0,1.0,0,0,62.0,2.0,2.5,0.667
0,11.5.1,Qiyana,246,Qiyana,La Emperatriz de los Elementos,"En la ciudad selvática de Ixaocan, Qiyana se dedica a planear sin clemencia alguna su ascenso al trono de los Yun Tal. Es la última en la línea de sucesión pero planta cara a todo aquel que se interpone en su camino con una confianza arrolladora y un...","['Assassin', 'Fighter']",Maná,0,2,4,8,Qiyana.png,champion3.png,champion,0,0,48,48,590.0,90,320.0,50.0,335,28,3.5,32.0,1.25,150,9.0,0.9,8.0,0.7,0,0,66.0,3.1,2.1,0.625
0,11.5.1,Quinn,133,Quinn,Las Alas de Demacia,"Quinn es una amazona montaraz de élite de Demacia que emprende peligrosas misiones en territorio enemigo. Ella y su águila legendaria Valor comparten un vínculo inquebrantable, y sus enemigos suelen ser asesinados antes de que puedan darse cuenta de que...","['Marksman', 'Assassin']",Maná,9,4,2,5,Quinn.png,champion3.png,champion,48,0,48,48,533.0,85,269.0,35.0,335,28,3.5,30.0,0.5,525,5.5,0.55,6.97,0.4,0,0,59.0,2.4,3.1,0.668
0,11.5.1,Rakan,497,Rakan,El Encantador,"Con un carácter tan impulsivo como encantador, Rakan es un infame alborotador vastaya y el mejor bailarín de batalla de la historia tribal de Lhotlan. Para los humanos de las montañas de Jonia, su nombre siempre ha sido sinónimo de festivales...",['Support'],Maná,2,4,8,5,Rakan.png,champion3.png,champion,96,0,48,48,540.0,85,315.0,50.0,335,32,3.9,32.0,1.25,300,5.0,0.5,8.75,0.5,0,0,62.0,3.5,3.0,0.635
0,11.5.1,Rammus,33,Rammus,El Armadurillo,"Idealizado por muchos, ignorado por otros, inexplicable para todos, Rammus, el extraño ser, es todo un enigma. Protegido por un armazón de pinchos, inspira teorías cada vez más absurdas sobre sus orígenes allá donde va. Estas pasan por considerarlo un...","['Tank', 'Fighter']",Maná,4,10,5,5,Rammus.png,champion3.png,champion,144,0,48,48,564.0,80,310.0,33.0,335,36,4.3,32.0,1.25,125,8.0,0.55,7.84,0.5,0,0,56.0,3.5,2.215,0.656
0,11.5.1,RekSai,421,Rek'Sai,La Amenaza Subterránea,"Rek'Sai, en la cima de la pirámide de los depredadores, es un ente del Vacío despiadado que excava túneles por debajo del terreno para emboscar y devorar a presas ignorantes. Su insaciable hambre ha sembrado la destrucción en regiones enteras del...",['Fighter'],Furia,8,5,2,3,RekSai.png,champion3.png,champion,192,0,48,48,570.0,85,100.0,0.0,335,36,3.75,32.0,1.25,175,7.5,0.65,0.0,0.0,0,0,64.0,3.0,2.0,0.667
0,11.5.1,Rell,526,Rell,la Dama de Hierro,"Rell, producto de crueles experimentos a manos de la Rosa Negra, es ahora una intrépida arma viviente decidida a hacer caer Noxus. Su infancia estuvo marcada por la desdicha y el horror, pues se vio sometida a espeluznantes tratamientos para...",['Tank'],Maná,0,0,0,0,Rell.png,champion3.png,champion,240,0,48,48,540.0,90,350.0,45.0,335,32,3.0,32.1,1.25,175,7.0,0.55,6.0,0.35,0,0,55.0,3.0,2.0,0.55
0,11.5.1,Renekton,58,Renekton,El Carnicero de las Arenas,"Renekton es una terrorífica criatura Ascendida movida por la ira y procedente de los desiertos abrasadores de Shurima. En su día fue el guerrero más admirado del imperio, un líder que condujo a los ejércitos de la nación a incontables victorias. Sin...","['Fighter', 'Tank']",Furia,8,5,2,3,Renekton.png,champion3.png,champion,288,0,48,48,575.0,87,100.0,0.0,345,35,4.0,32.0,1.25,125,8.0,0.75,0.0,0.0,0,0,69.0,3.75,2.75,0.665
0,11.5.1,Rengar,107,Rengar,El Acechador Orgulloso,"Rengar es un feroz cazador de trofeos vastaya que vive por el placer de perseguir y asesinar criaturas peligrosas. Explora el mundo en busca de las bestias más aterradoras, pero, ante todo, quiere encontrar alguna pista que lo lleve hasta Kha'Zix, la...","['Assassin', 'Fighter']",Ferocidad,7,4,2,8,Rengar.png,champion3.png,champion,336,0,48,48,585.0,90,4.0,0.0,345,34,3.0,32.0,1.25,125,7.0,0.5,0.0,0.0,0,0,68.0,3.0,3.0,0.667
0,11.5.1,Riven,92,Riven,La Exiliada,"Antaño maestra de la espada de las huestes de Noxus, Riven es una expatriada en la tierra que previamente había tratado de conquistar. Fue ascendiendo de rango gracias a la fuerza de su convicción y a su brutal eficiencia, y fue recompensada con una...","['Fighter', 'Assassin']",Nada,8,5,1,8,Riven.png,champion3.png,champion,384,0,48,48,560.0,86,0.0,0.0,340,33,3.2,32.0,1.25,125,8.5,0.5,0.0,0.0,0,0,64.0,3.0,3.5,0.625
0,11.5.1,Rumble,68,Rumble,La Amenaza Mecánica,"Rumble es un joven inventor con temperamento. Utilizando nada más que sus propias manos y un montón de chatarra, el yordle peleón construyó un traje mecha colosal equipado con un arsenal de arpones electrificados y cohetes incendiarios. Aunque los demás...","['Fighter', 'Mage']",Calor,3,6,8,10,Rumble.png,champion3.png,champion,432,0,48,48,589.0,85,100.0,0.0,345,31,3.5,32.0,1.25,125,8.0,0.6,0.0,0.0,0,0,61.0,3.2,1.85,0.644
0,11.5.1,Ryze,13,Ryze,El Hechicero Rúnico,"Ryze es considerado uno de los hechiceros con más experiencia de Runaterra. El archimago ancestral y gruñón lleva sobre sus hombros una pesada carga. Con su constitución sin límites y su inmenso poder arcano, Ryze se pasa la vida buscando...","['Mage', 'Fighter']",Maná,2,2,10,7,Ryze.png,champion3.png,champion,0,48,48,48,575.0,98,300.0,70.0,340,22,3.0,36.0,0.5,550,8.0,0.8,8.0,1.0,0,0,58.0,3.0,2.112,0.625
0,11.5.1,Samira,360,Samira,la Rosa del Desierto,"Samira mira a la muerte a los ojos con una confianza férrea, y va siempre en busca de emociones. Tras la destrucción de su hogar en Shurima cuando era una niña, Samira encontró su verdadera vocación en Noxus, donde se ganó la reputación de ser una...",['Marksman'],Maná,8,5,3,6,Samira.png,champion3.png,champion,48,48,48,48,530.0,88,348.88,38.0,335,26,3.0,30.0,0.5,500,3.25,0.55,8.18,0.7,0,0,57.0,3.0,3.3,0.658
0,11.5.1,Sejuani,113,Sejuani,La Furia del Norte,"Sejuani es la brutal e implacable comandante hija del hielo de la tribu Garra Invernal, una de las más temidas de Freljord. La supervivencia de su gente es una constante y desesperada lucha contra los elementos, lo que los obliga a asaltar a noxianos...","['Tank', 'Fighter']",Maná,5,7,6,4,Sejuani.png,champion3.png,champion,96,48,48,48,560.0,100,400.0,40.0,340,34,4.25,32.0,1.25,150,8.5,1.0,7.0,0.7,0,0,66.0,4.0,3.5,0.688
0,11.5.1,Senna,235,Senna,la Redentora,"Maldita desde que era apenas una niña y perseguida por la Niebla Negra, Senna se unió a una orden sagrada conocida como los Centinelas de la Luz y pasó años luchando sin descanso hasta que fue asesinada y encerrada en el interior de la linterna del...","['Marksman', 'Support']",Maná,7,2,6,7,Senna.png,champion3.png,champion,144,48,48,48,520.0,75,350.0,45.0,330,28,3.5,30.0,0.5,600,3.5,0.55,11.5,0.4,0,0,50.0,0.0,4.0,0.625
0,11.5.1,Seraphine,147,Seraphine,la Cantante Soñadora,"Seraphine, de padres zaunitas, nació en Piltover y es capaz de escuchar las almas de los demás. El mundo le canta y ella le devuelve la canción. Aunque esos sonidos le resultaban abrumadores cuando era pequeña, ahora le sirven de inspiración, y...","['Mage', 'Support']",Maná,0,0,0,0,Seraphine.png,champion3.png,champion,192,48,48,48,500.0,90,440.0,40.0,325,19,3.0,30.0,0.5,525,6.5,0.6,8.0,1.0,0,0,55.0,3.0,1.0,0.669
0,11.5.1,Sett,875,Sett,el Jefe,"Sett es una prominente figura en los emergentes círculos criminales jonios, que aseguró su posición al inicio de la guerra con Noxus. A pesar de sus humildes comienzos como luchador en el foso de Navori, no tardó en labrarse una reputación con la ayuda...","['Fighter', 'Tank']",Coraje,8,5,1,2,Sett.png,champion3.png,champion,240,48,48,48,600.0,93,0.0,0.0,340,33,4.0,32.0,1.25,125,7.0,0.5,0.0,0.0,0,0,60.0,4.0,1.75,0.625
0,11.5.1,Shaco,35,Shaco,El Bufón Siniestro,"Shaco fue fabricado hace mucho tiempo para entretener a un príncipe solitario, pero ahora la marioneta encantada se regocija en la muerte y el caos. El otrora adorable muñeco fue corrompido por magia oscura y por la pérdida de su amado dueño, de modo...",['Assassin'],Maná,8,4,6,9,Shaco.png,champion3.png,champion,288,48,48,48,587.0,89,297.0,40.0,350,30,3.5,32.0,1.25,125,8.5,0.55,7.16,0.45,0,0,63.0,3.0,3.0,0.694
0,11.5.1,Shen,98,Shen,El Ojo del Crepúsculo,"Shen, el Ojo del Crepúsculo, es el cabecilla de los sigilosos guerreros de Jonia conocidos como Kinkou. Su objetivo es mantenerse libre de las ataduras de cualquier emoción, prejuicio o ego, y avanza por el camino invisible del juicio desapasionado...",['Tank'],Energía,3,9,3,4,Shen.png,champion3.png,champion,336,48,48,48,540.0,85,400.0,0.0,340,34,3.0,32.0,1.25,125,8.5,0.75,50.0,0.0,0,0,60.0,3.0,3.0,0.751
0,11.5.1,Shyvana,102,Shyvana,La Medio Dragón,"Shyvana es una criatura con la magia de un fragmento de runa incandescente alojada en lo más profundo de su corazón. Pese a que su aspecto más común es el de humana, su verdadera forma es la de una feroz dragona capaz de reducir a sus enemigos a cenizas...","['Fighter', 'Tank']",Furia,8,6,3,4,Shyvana.png,champion3.png,champion,384,48,48,48,595.0,95,100.0,0.0,350,38,3.35,32.0,1.25,125,8.5,0.8,0.0,0.0,0,0,66.0,3.4,2.5,0.658
0,11.5.1,Singed,27,Singed,El Químico Loco,"Singed es un alquimista zaunita de intelecto sin igual que se ha entregado en cuerpo y alma a sobrepasar los límites del conocimiento, sin importarle el precio que tenga que pagar. ¿Acaso su locura se rige por pautas? Sus brebajes no suelen fallar, pero...","['Tank', 'Fighter']",Maná,4,8,7,5,Singed.png,champion3.png,champion,432,48,48,48,580.0,85,330.0,45.0,345,34,3.5,32.0,1.25,125,9.5,0.55,7.5,0.55,0,0,63.0,3.38,1.9,0.613
0,11.5.1,Sion,14,Sion,El Coloso no Muerto,"Sion fue un héroe de guerra en el pasado y los noxianos lo veneraban porque había arrebatado la vida de un rey demaciano con sus simples manos. No obstante, se le denegó su viaje al más allá, pues fue revivido para servir a su imperio incluso después de...","['Tank', 'Fighter']",Maná,5,9,3,5,Sion.png,champion3.png,champion,0,96,48,48,545.0,73,330.0,42.0,345,32,3.0,32.0,1.25,175,7.5,0.8,8.0,0.6,0,0,68.0,4.0,1.3,0.679
0,11.5.1,Sivir,15,Sivir,La Señora de la Batalla,"Sivir es una afamada buscadora de tesoros y capitana mercenaria que se gana la vida en el desierto de Shurima. Provista de un arma legendaria en forma de cruz engastada con gemas, ha librado y ganado innumerables batallas para aquellos que pueden...",['Marksman'],Maná,9,3,1,4,Sivir.png,champion3.png,champion,48,96,48,48,562.0,90,325.0,50.0,335,26,3.25,30.0,0.5,500,3.25,0.55,8.0,0.9,0,0,63.0,3.0,1.6,0.625
0,11.5.1,Skarner,72,Skarner,La Vanguardia de Cristal,"Skarner es un gigantesco escorpión cristalino, procedente de un oculto valle de Shurima. La antigua raza a la que Skarner pertenece, los brackern, es famosa por su sabiduría y su profunda conexión con la tierra, pues sus almas están fundidas con...","['Fighter', 'Tank']",Maná,7,6,5,5,Skarner.png,champion3.png,champion,96,96,48,48,580.0,85,320.0,60.0,335,38,3.8,32.0,1.25,125,9.0,0.85,7.2,0.45,0,0,65.0,4.5,2.1,0.625
0,11.5.1,Sona,37,Sona,La Virtuosa de las Cuerdas,"Sona es la artista más virtuosa de Demacia con el etwahl de cuerda y solo se comunica a través de sus elegantes acordes y vibrantes melodías. Esta refinada actitud le ha hecho ganarse el favor de la alta sociedad, aunque los hay que sospechan que sus...","['Support', 'Mage']",Maná,5,2,8,4,Sona.png,champion3.png,champion,144,96,48,48,480.0,77,340.0,45.0,325,28,3.3,30.0,0.5,550,5.5,0.55,11.5,0.4,0,0,49.0,3.0,2.3,0.644
0,11.5.1,Soraka,16,Soraka,La Hija de las Estrellas,"Soraka, una nómada proveniente de las dimensiones celestiales más allá del monte Targon, dejó a un lado su inmortalidad para proteger a las razas mortales de sus propios instintos asesinos. Su cometido es difundir las virtudes de la compasión y la...","['Support', 'Mage']",Maná,2,5,7,3,Soraka.png,champion3.png,champion,192,96,48,48,535.0,74,425.0,40.0,325,32,3.8,30.0,0.5,550,2.5,0.5,11.5,0.4,0,0,50.0,3.0,2.14,0.625
0,11.5.1,Swain,50,Swain,el Gran General de Noxus,"Jericho Swain es el visionario líder de Noxus, una nación expansionista que solo venera la fuerza. Pese a haber sido relegado y a haber perdido el brazo izquierdo en las guerras de Jonia, se hizo con el control del imperio con una despiadada...","['Mage', 'Fighter']",Maná,2,6,9,8,Swain.png,champion3.png,champion,240,96,48,48,525.0,85,468.0,28.5,325,23,4.0,30.0,0.5,525,7.0,0.65,8.0,0.8,0,0,58.0,2.7,2.11,0.625
0,11.5.1,Sylas,517,Sylas,el Desencadenado,"Sylas de Dregbourne, originario de uno de los barrios más pobres de Demacia, llega como símbolo del lado más oscuro de la gran ciudad. De niño, su potencial para hallar la brujería oculta llamó la atención de los cazadores de magos más prestigiosos...","['Mage', 'Assassin']",Maná,3,4,8,5,Sylas.png,champion3.png,champion,288,96,48,48,525.0,115,280.0,70.0,340,27,4.0,32.0,1.75,175,9.0,0.9,7.0,0.8,0,0,61.0,3.0,3.5,0.645
0,11.5.1,Syndra,134,Syndra,La Soberana Oscura,"Syndra es una temible maga jonia con un poder increíble a su disposición. De niña, inquietó a los ancianos del lugar con su imprudente y tempestuosa magia. La enviaron a que aprendiera a controlarla mejor, pero al final descubrió que su supuesto mentor...","['Mage', 'Support']",Maná,2,3,9,8,Syndra.png,champion3.png,champion,336,96,48,48,523.0,90,480.0,40.0,330,25,3.4,30.0,0.5,550,6.5,0.6,8.0,0.8,0,0,54.0,2.9,2.0,0.625
0,11.5.1,TahmKench,223,Tahm Kench,El Rey del Río,"Tahm Kench, al que se le han atribuido diferentes nombres a lo largo de la historia, es un demonio que viaja constantemente por las vías navegables de Runaterra, colmando su insaciable apetito con las desgracias ajenas. Pese a su aspecto cautivador y...","['Support', 'Tank']",Maná,3,9,6,5,TahmKench.png,champion3.png,champion,384,96,48,48,600.0,100,325.0,40.0,335,47,3.5,32.0,1.25,175,6.5,0.55,8.0,1.0,0,0,56.0,3.2,2.5,0.658
0,11.5.1,Taliyah,163,Taliyah,La Tejedora de Piedra,"Taliyah es una hechicera nómada de Shurima desgarrada entre la curiosidad de una adolescente y la responsabilidad de una adulta. Ha atravesado Valoran de un lado a otro para descubrir la auténtica naturaleza de sus crecientes poderes, aunque...","['Mage', 'Support']",Maná,1,7,8,5,Taliyah.png,champion3.png,champion,432,96,48,48,532.0,90,425.0,30.0,335,20,3.5,30.0,0.5,525,7.0,0.7,9.34,0.85,0,0,58.0,3.3,1.36,0.625
0,11.5.1,Talon,91,Talon,La Sombra de la Espada,"Talon es el cuchillo de la oscuridad, un asesino despiadado capaz de atacar sin previo aviso y huir antes de que salte alarma alguna. Logró granjearse una peligrosa reputación en las terribles calles de Noxus, donde se vio obligado a luchar, matar y...",['Assassin'],Maná,9,3,1,7,Talon.png,champion4.png,champion,0,0,48,48,588.0,95,377.2,37.0,335,30,3.5,39.0,1.25,125,8.5,0.75,7.6,0.8,0,0,68.0,3.1,2.9,0.625
0,11.5.1,Taric,44,Taric,El Escudo de Valoran,"Taric es el Aspecto del Protector, y gracias a su increíble poder es el guardián de la vida, el amor y la belleza en Runaterra. Caído en desgracia debido a la negligencia de su deber y exiliado de su hogar, Demacia, Taric ascendió al Monte Targon...","['Support', 'Fighter']",Maná,4,8,5,3,Taric.png,champion4.png,champion,48,0,48,48,575.0,85,300.0,60.0,340,40,3.4,32.0,1.25,150,6.0,0.5,8.5,0.8,0,0,55.0,3.5,2.0,0.625
0,11.5.1,Teemo,17,Teemo,El Explorador Veloz,"Sin inmutarse siquiera por los obstáculos más peligrosos y amenazantes, Teemo explora el mundo con un entusiasmo infinito y una alegría desbordante. Con un inquebrantable sentido de la moralidad, este yordle se enorgullece de seguir el Código de los...","['Marksman', 'Assassin']",Maná,5,3,7,6,Teemo.png,champion4.png,champion,96,0,48,48,528.0,90,334.0,20.0,330,24,3.75,30.0,0.5,500,5.5,0.65,9.6,0.45,0,0,54.0,3.0,3.38,0.69
0,11.5.1,Thresh,412,Thresh,El Carcelero Implacable,"Thresh, un ser sádico y astuto, es un ambicioso y trastornado espíritu de las Islas de la Sombra. Otrora guardián de innumerables secretos arcanos, acabó sucumbiendo a un poder por encima de la vida y la muerte. Ahora sobrevive torturando a sus víctimas...","['Support', 'Fighter']",Maná,5,6,6,7,Thresh.png,champion4.png,champion,144,0,48,48,561.0,93,274.0,44.0,335,28,0.0,30.0,0.5,450,7.0,0.55,6.0,0.8,0,0,56.0,2.2,3.5,0.625
0,11.5.1,Tristana,18,Tristana,La Artillera Yordle,"Pese a que la mayoría de los yordles canalizan sus energías hacia el descubrimiento, la invención o simples trastadas, Tristana siempre se ha visto inspirada por las aventuras de los grandes guerreros. Siempre ha escuchado las historias de Runaterra...","['Marksman', 'Assassin']",Maná,9,3,5,4,Tristana.png,champion4.png,champion,192,0,48,48,559.0,88,250.0,32.0,325,26,3.0,30.0,0.5,525,3.75,0.65,7.2,0.45,0,0,61.0,3.3,1.5,0.656
0,11.5.1,Trundle,48,Trundle,El Rey Trol,"Trundle es un trol retorcido y colosal con una personalidad despiadada. No hay nada que no sea capaz de someter a base de mazazos, ni siquiera el propio Freljord. Su tremendo instinto territorial lo mueve a perseguir a todo aquel lo bastante osado como...","['Fighter', 'Tank']",Maná,7,6,2,5,Trundle.png,champion4.png,champion,240,0,48,48,616.0,96,281.0,45.0,350,37,2.7,32.0,1.25,175,6.0,0.75,7.5,0.6,0,0,68.0,3.0,2.9,0.67
0,11.5.1,Tryndamere,23,Tryndamere,El Rey Bárbaro,"Impulsado por una furia y una rabia desenfrenadas, Tryndamere solía abrirse paso por Freljord desafiando abiertamente a los mejores guerreros del norte con el objetivo de prepararse para días aún más oscuros. El furioso bárbaro lleva una eternidad...","['Fighter', 'Assassin']",Furia,10,5,2,5,Tryndamere.png,champion4.png,champion,288,0,48,48,626.0,98,100.0,0.0,345,33,3.1,32.0,1.25,125,8.5,0.9,0.0,0.0,0,0,72.0,3.7,2.9,0.67
0,11.5.1,TwistedFate,4,Twisted Fate,El Maestro de las Cartas,"Twisted Fate es un tahúr y timador de mala reputación que ha viajado por buena parte del mundo conocido, granjeándose con su encanto y su habilidad con los naipes la admiración y la enemistad de ricos y necios por igual. Raras veces se toma las cosas...",['Mage'],Maná,6,2,6,9,TwistedFate.png,champion4.png,champion,336,0,48,48,534.0,94,333.0,39.0,330,21,3.15,30.0,0.5,525,5.5,0.6,8.0,0.8,0,0,52.0,3.3,3.22,0.651
0,11.5.1,Twitch,29,Twitch,La Rata Apestada,"Rata de la peste zaunita por nacimiento y apasionado experto de la suciedad por afición, a Twitch no le preocupa ensuciarse las zarpas. Con su ballesta de cualidades químicas apuntando al corazón hipócrita de Piltover, se ha jurado demostrar a los...","['Marksman', 'Assassin']",Maná,9,2,3,6,Twitch.png,champion4.png,champion,384,0,48,48,612.0,86,287.2,40.0,330,27,3.0,30.0,0.5,550,3.75,0.6,7.26,0.45,0,0,59.0,3.11,3.38,0.679
0,11.5.1,Udyr,77,Udyr,El Caminante Espiritual,"Udyr es algo más que un hombre; es un recipiente para el poder indomable de cuatro espíritus animales primigenios. Al canalizar la naturaleza primaria de los espíritus, Udyr puede emplear sus fuerzas únicas: el tigre le proporciona velocidad y...","['Fighter', 'Tank']",Maná,8,7,4,7,Udyr.png,champion4.png,champion,432,0,48,48,594.0,92,271.0,50.0,350,34,4.0,32.0,1.25,125,6.0,0.75,7.5,0.45,0,0,66.0,5.0,2.67,0.658
0,11.5.1,Urgot,6,Urgot,la Pesadilla Mecánica,"Urgot, antiguo verdugo noxiano, fue traicionado por el imperio por el que había matado a tantos. Amarrado con cadenas de hierro, se vio obligado a aprender el verdadero significado de la fuerza en la Draga; una mina penitenciaria en las profundidades de...","['Fighter', 'Tank']",Maná,8,5,3,8,Urgot.png,champion4.png,champion,0,48,48,48,585.0,88,340.0,45.0,330,36,4.25,32.0,1.25,350,7.5,0.7,7.25,0.8,0,0,63.0,4.0,3.75,0.625
0,11.5.1,Varus,110,Varus,La Flecha del Castigo,"Como uno de los antiguos oscuros Varus era un asesino despiadado al que le encantaba torturar a sus enemigos hasta las puertas de la locura antes de atravesarlos con una flecha letal. Fue apresado y encarcelado al final de la gran Guerra Oscura, pero...","['Marksman', 'Mage']",Maná,7,3,4,2,Varus.png,champion4.png,champion,48,48,48,48,530.0,91,360.0,40.0,330,27,3.4,30.0,0.5,575,3.5,0.55,8.0,0.8,0,0,61.0,3.0,4.0,0.658
0,11.5.1,Vayne,67,Vayne,La Cazadora Noctívaga,"Shauna Vayne es una cazadora de monstruos demaciana letal y despiadada que ha dedicado su vida a buscar y destruir al demonio que asesinó a su familia. Provista de una ballesta que lleva en la muñeca y un corazón ansioso de venganza, Vayne solo es...","['Marksman', 'Assassin']",Maná,10,1,1,8,Vayne.png,champion4.png,champion,96,48,48,48,515.0,89,231.8,35.0,330,23,3.4,30.0,0.5,550,3.5,0.55,6.97,0.4,0,0,60.0,2.36,3.3,0.658
0,11.5.1,Veigar,45,Veigar,El Pequeño Maestro del Mal,"Entusiasta maestro de la magia negra, Veigar ha hecho suyos poderes a los que pocos mortales se atreven a acercarse. Como espíritu de Ciudad de Bandle, buscó durante mucho tiempo deshacerse de las limitaciones de la magia yordle, así que su atención se...",['Mage'],Maná,2,2,10,7,Veigar.png,champion4.png,champion,144,48,48,48,505.0,94,490.0,26.0,340,23,3.75,32.0,0.5,550,6.5,0.6,8.0,0.8,0,0,52.0,2.7,2.24,0.625
0,11.5.1,Velkoz,161,Vel'Koz,El Ojo del Vacío,"No es seguro que Vel'Koz sea el primer ente del Vacío que ha aparecido en Runaterra, pero no ha habido ningún otro con su nivel de crueldad y conciencia calculadora. Mientras que los de su especie devoran y profanan todo cuanto encuentran, él busca el...",['Mage'],Maná,2,2,10,8,Velkoz.png,champion4.png,champion,192,48,48,48,520.0,88,469.0,21.0,340,22,3.5,30.0,0.5,525,5.5,0.55,8.0,0.8,0,0,55.0,3.1416,1.36,0.625
0,11.5.1,Vi,254,Vi,La Agente de Piltover,"Otrora delincuente en las perversas calles de Zaun, Vi es una mujer impulsiva e imponente con muy poco respeto por las figuras de la autoridad. Tras crecer sola, Vi desarrolló y perfeccionó sus instintos de supervivencia, así como un áspero sentido del...","['Fighter', 'Assassin']",Maná,8,5,3,4,Vi.png,champion4.png,champion,240,48,48,48,585.0,85,295.0,65.0,340,30,4.0,32.0,1.25,125,10.0,1.0,8.0,0.65,0,0,63.0,3.5,2.0,0.644
0,11.5.1,Viego,234,Viego,el Rey Arruinado,"Viego, soberano de un reino antaño desaparecido, murió hace mil años cuando su intento por devolverle la vida a su esposa desencadenó una catástrofe mágica conocida como la Ruina. Ahora Viego, trasformado en un poderoso espectro atormentado por el...","['Assassin', 'Fighter']",Nada,6,4,2,5,Viego.png,champion4.png,champion,288,48,48,48,560.0,95,10000.0,0.0,345,34,4.0,32.0,1.25,225,7.0,0.7,0.0,0.0,0,0,57.0,3.5,2.5,0.658
0,11.5.1,Viktor,112,Viktor,El Heraldo de las Máquinas,"Viktor, el heraldo de una nueva era tecnológica, ha consagrado su vida al progreso de la humanidad. Es un idealista que busca llevar al pueblo de Zaun a un nuevo nivel de comprensión y cree que la humanidad solo podrá alcanzar su máximo potencial...",['Mage'],Maná,2,4,10,9,Viktor.png,champion4.png,champion,336,48,48,48,530.0,90,405.0,45.0,335,23,4.0,30.0,0.5,525,8.0,0.65,8.0,0.8,0,0,53.0,3.0,2.11,0.658
0,11.5.1,Vladimir,8,Vladimir,El Segador Carmesí,"Un demonio con sed de sangre mortal, Vladimir ha influido en el destino de Noxus desde los primeros días del imperio. Además de alargar su vida de forma sobrenatural, su amplio conocimiento de la hemomancia le posibilita controlar el cuerpo y la mente...",['Mage'],Ráfaga carmesí,2,6,8,7,Vladimir.png,champion4.png,champion,384,48,48,48,537.0,96,2.0,0.0,330,23,3.3,30.0,0.5,450,7.0,0.6,0.0,0.0,0,0,55.0,3.0,2.0,0.658
0,11.5.1,Volibear,106,Volibear,la Tormenta Incesante,"Para aquellos que aún lo veneran, Volibear es la encarnación de la tormenta. Destructivo, salvaje y decidido, existe desde antes de que los mortales pusieran pie en las tundras de Freljord y protege con fiereza las tierras que creó junto a sus hermanos...","['Fighter', 'Tank']",Maná,7,7,4,3,Volibear.png,champion4.png,champion,432,48,48,48,580.0,90,350.0,70.0,340,31,4.0,32.0,1.25,150,9.0,0.75,6.25,0.5,0,0,60.0,3.0,2.0,0.625
0,11.5.1,Warwick,19,Warwick,la Ira Descontrolada de Zaun,"Warwick es un monstruo que acecha en los oscuros callejones de Zaun. Transformado por atroces experimentos, su cuerpo está fusionado con un complejo sistema de cámaras y bombas, una maquinaria que llena sus venas de furia alquímica. Saltando desde las...","['Fighter', 'Tank']",Maná,9,5,3,3,Warwick.png,champion4.png,champion,0,96,48,48,550.0,85,280.0,35.0,335,33,3.2,32.0,1.25,125,4.0,0.75,7.47,0.58,0,0,65.0,3.0,2.3,0.638
0,11.5.1,Xayah,498,Xayah,La Rebelde,"Mortal y precisa, Xayah es una vastaya revolucionaria que libra una guerra personal para salvar a su pueblo. Utiliza su rapidez, su astucia y sus plumas afiladas como cuchillas para liquidar a cualquiera que se interponga en su camino. Xayah lucha junto...",['Marksman'],Maná,10,6,1,5,Xayah.png,champion4.png,champion,48,96,48,48,590.0,88,340.0,40.0,325,25,3.0,30.0,0.5,525,3.25,0.75,8.25,0.75,0,0,60.0,3.5,3.9,0.625
0,11.5.1,Xerath,101,Xerath,El Mago Ascendente,"Xerath es un mago Ascendido de la vieja Shurima, un ser con energía arcana retorciéndose en los quebrados fragmentos de un sarcófago mágico. Durante milenios estuvo atrapado bajo las arenas del desierto, pero el ascenso de Shurima lo liberó de su...",['Mage'],Maná,1,3,10,8,Xerath.png,champion4.png,champion,96,96,48,48,526.0,92,459.0,22.0,340,22,3.5,30.0,0.5,525,5.5,0.55,8.0,0.8,0,0,55.0,3.0,1.36,0.625
0,11.5.1,XinZhao,5,Xin Zhao,El Senescal de Demacia,"Xin Zhao es un guerreo decidido y valiente, leal a la dinastía Escudo de Luz. En su momento fue condenado a los fosos noxianos, en los que sobrevivió a incontables batallas de gladiadores. Pero, tras ser liberado por las fuerzas demacianas, entregó su...","['Fighter', 'Assassin']",Maná,8,6,3,2,XinZhao.png,champion4.png,champion,144,96,48,48,570.0,92,274.0,55.0,345,35,3.5,32.0,1.25,175,8.0,0.7,7.26,0.45,0,0,66.0,3.0,3.5,0.645
0,11.5.1,Yasuo,157,Yasuo,La Espada sin Honor,"Yasuo, un intrépido jonio con una fuerza de voluntad inquebrantable, es también un hábil espadachín capaz de controlar el viento y utilizarlo contra sus enemigos. Siendo un joven orgulloso fue injustamente acusado de asesinar a su maestro. Incapaz de...","['Fighter', 'Assassin']",Flujo,8,4,4,10,Yasuo.png,champion4.png,champion,192,96,48,48,490.0,87,100.0,0.0,345,30,3.4,32.0,1.25,175,6.5,0.9,0.0,0.0,0,0,60.0,2.2,3.5,0.697
0,11.5.1,Yone,777,Yone,el Imperecedero,"En vida, fue Yone, hermanastro de Yasuo y pupilo de renombre en la escuela de esgrima de su aldea. No obstante, al morir a manos de su hermano, se vio perseguido por una maligna entidad del reino espiritual y acabó por asesinarlo con su propia espada...","['Assassin', 'Fighter']",Flujo,8,4,4,8,Yone.png,champion4.png,champion,240,96,48,48,550.0,85,500.0,0.0,345,28,3.4,32.0,1.25,175,7.5,0.75,0.0,0.0,0,0,60.0,2.0,3.5,0.625
0,11.5.1,Yorick,83,Yorick,El Pastor de las Almas Perdidas,"Yorick, último superviviente de una orden religiosa olvidada hace tiempo, carga con la bendición y la maldición del poder sobre los muertos. Atrapado en las Islas de la Sombra, sus únicos compañeros son cadáveres en descomposición y los espíritus...","['Fighter', 'Tank']",Maná,6,6,4,6,Yorick.png,champion4.png,champion,288,96,48,48,580.0,100,300.0,60.0,340,39,4.0,32.0,1.25,175,8.0,0.8,7.5,0.75,0,0,62.0,5.0,2.0,0.625
0,11.5.1,Yuumi,350,Yuumi,la Gata Mágica,"Yuumi, una gata mágica de Ciudad de Bandle, fue antaño la compañera de una hechicera yordle, Norra. Tras la misteriosa desaparición de su maestra, Yuumi se convirtió en la guardiana del Libro de umbrales de Norra, un objeto sintiente cuyas páginas...","['Support', 'Mage']",Maná,5,1,8,2,Yuumi.png,champion4.png,champion,336,96,48,48,480.0,70,400.0,45.0,330,25,3.0,25.0,0.3,500,7.0,0.55,10.0,0.4,0,0,55.0,3.1,1.0,0.625
0,11.5.1,Zac,154,Zac,El Arma Secreta,"Zac es el resultado de un vertido tóxico que recorría una veta tecnoquímica y fue a parar a una profunda caverna apartada en el sumidero de Zaun. A pesar de sus humildes orígenes, Zac ha pasado de ser un flujo primitivo a un ser pensante que habita en...","['Tank', 'Fighter']",Nada,3,7,7,8,Zac.png,champion4.png,champion,384,96,48,48,615.0,95,0.0,0.0,340,33,3.5,32.0,1.25,175,8.0,0.5,0.0,0.0,0,0,60.0,3.4,1.6,0.736
0,11.5.1,Zed,238,Zed,El Maestro de las Sombras,"Zed, despiadado y nada compasivo, es el líder de la Orden de la Sombra, una organización que él mismo creó con el propósito de militarizar las tradiciones marciales y mágicas de Jonia para expulsar a los invasores noxianos. Durante la guerra, la...",['Assassin'],Energía,9,2,1,7,Zed.png,champion4.png,champion,432,96,48,48,584.0,85,200.0,0.0,345,32,3.5,32.0,1.25,125,7.0,0.65,50.0,0.0,0,0,63.0,3.4,3.3,0.651
0,11.5.1,Ziggs,115,Ziggs,El Experto en Hexplosivos,"Gran amante de las bombas grandes y las mechas cortas, el yordle Ziggs es una explosiva fuerza de la naturaleza. Trabajaba como ayudante de un inventor en Piltover, pero, cansado de llevar una vida tan aburrida y monótona, decidió hacerse amigo de una...",['Mage'],Maná,2,4,9,4,Ziggs.png,champion5.png,champion,0,0,48,48,536.0,92,480.0,23.5,325,22,3.3,30.0,0.5,550,6.5,0.6,8.0,0.8,0,0,54.0,3.1,2.0,0.656
0,11.5.1,Zilean,26,Zilean,El Guardián del Tiempo,"Zilean, el que un día fuera un poderoso mago de Icathia, se obsesionó con el paso del tiempo tras ser testigo de la destrucción de su tierra natal a manos del Vacío. Incapaz de parar un minuto a llorar tan catastrófica pérdida, se entregó a la vetusta...","['Support', 'Mage']",Maná,2,5,8,6,Zilean.png,champion5.png,champion,48,0,48,48,504.0,82,452.0,50.0,335,24,3.8,30.0,0.5,550,5.5,0.5,11.34,0.8,0,0,52.0,3.0,2.13,0.625
0,11.5.1,Zoe,142,Zoe,el Aspecto del Crepúsculo,"Como personificación de la travesura, de la imaginación y del cambio, Zoe es la mensajera cósmica de Targon y anuncia acontecimientos importantes que remodelan mundos. Su mera presencia distorsiona las matemáticas arcanas que gobiernan las realidades y...","['Mage', 'Support']",Maná,1,7,8,5,Zoe.png,champion5.png,champion,96,0,48,48,560.0,92,425.0,25.0,340,21,3.5,30.0,0.5,550,6.5,0.6,8.0,0.65,0,0,58.0,3.3,2.5,0.625
0,11.5.1,Zyra,143,Zyra,La Dama de Espinas,"Nacida gracias a un fenómeno sobrenatural hace mucho tiempo, Zyra encarna la ira de la naturaleza: un seductor híbrido entre planta y humano que da lugar a nueva vida a cada paso. Ve a los mortales de Valoran como poco más que presas para su progenie, y...","['Mage', 'Support']",Maná,4,3,8,7,Zyra.png,champion5.png,champion,144,0,48,48,504.0,79,418.0,25.0,340,29,3.0,30.0,0.5,575,5.5,0.5,13.0,0.4,0,0,53.0,3.2,2.11,0.625
